<?xml version="1.0"?>
<doc>
    <assembly>
        <name>WeavingDB.DataEncoding</name>
    </assembly>
    <members>
        <member name="M:WeavingDB.DataEncoding.Encodingdata(System.String[])">
            <summary>
            将多个String 编码成可分离的byte[]
            </summary>
            <param name="datas"></param>
            <returns></returns>
        </member>
        <member name="M:WeavingDB.DataEncoding.Dencdingdata(System.Byte[])">
            <summary>
            将可分离的byte[]，转换为多个string
            </summary>
            <param name="datas"></param>
            <returns></returns>
        </member>
        <member name="M:WeavingDB.GZIP.Decompress(System.Byte[])">
            <summary>
            ZIP解压
            </summary>
            <param name="zippedData"></param>
            <returns></returns>
        </member>
        <member name="M:WeavingDB.GZIP.Compress(System.Byte[])">
            <summary>
            压缩
            </summary>
            <param name="rawData"></param>
            <returns></returns>
        </member>
    </members>
</doc>
